{"this": {"idf": 4.367295829986475, "_tc_": 1, "58": {"ind": [["desc", 2]], "_c_": 1}}, "doc": {"idf": 4.367295829986475, "_tc_": 1, "58": {"ind": [["desc", 3]], "_c_": 1}}, "raj": {"idf": 4.367295829986475, "_tc_": 1, "58": {"ind": [["name", 1]], "_c_": 1}}, "raushan": {"idf": 4.367295829986475, "_tc_": 1, "58": {"ind": [["name", 0]], "_c_": 1}}, "to": {"idf": 4.367295829986475, "_tc_": 1, "58": {"ind": [["desc", 1]], "_c_": 1}}, "unique": {"idf": 4.367295829986475, "_tc_": 1, "58": {"ind": [["desc", 0]], "_c_": 1}}}